{"cameraMode":{"drawMode":0,"name":"Shaded","section":"Shading Mode"},"sceneLighting":false,"audioPlay":false,"sceneViewState":{"showFog":true,"showMaterialUpdate":false,"showSkybox":false,"showFlares":true,"showImageEffects":true,"showParticleSystems":true},"in2DMode":false,"pivot":{"x":-0.34893882274627688,"y":0.9316266775131226,"z":-3.2784078121185304},"rotation":{"x":-0.004205123521387577,"y":-0.9949435591697693,"z":0.08859389275312424,"w":-0.04719007387757301},"size":1.9463800191879273,"orthographic":true}